{
  "project_info": {
    "project_number": "719473754693",
    "project_id": "login-e4d48",
    "storage_bucket": "login-e4d48.firebasestorage.app"
  },
  "client": [
    {
      "client_info": {
        "mobilesdk_app_id": "1:719473754693:android:9ef1e8606d3190958f592c",
        "android_client_info": {
          "package_name": "com.company.E_Dukaan"
        }
      },
      "oauth_client": [],
      "api_key": [
        {
          "current_key": "AIzaSyDiQTwJ8XPkLTtFnaueWK1JJZvr02aNx8c"
        }
      ],
      "services": {
        "appinvite_service": {
          "other_platform_oauth_client": []
        }
      }
    }
  ],
  "configuration_version": "1"
}